Datetime,Water Level (m)
2025-06-07 18:00:00,-6.476121e-05
2025-06-07 19:00:00,1.1205167e-05
2025-06-07 20:00:00,6.51718e-05
2025-06-07 21:00:00,6.477909e-05
2025-06-07 22:00:00,6.213779e-05
2025-06-07 23:00:00,-5.3729807e-05
2025-06-08 00:00:00,-0.00020443994
2025-06-08 01:00:00,-0.00035076393
2025-06-08 02:00:00,-0.0006269314
2025-06-08 03:00:00,-0.00068470155
2025-06-08 04:00:00,-0.0006261569
2025-06-08 05:00:00,-0.00048234817
2025-06-08 06:00:00,-0.0003743168
2025-06-08 07:00:00,-0.00029299624
2025-06-08 08:00:00,-0.00021737615
2025-06-08 09:00:00,-0.00015265273
2025-06-08 10:00:00,-0.000119393895
2025-06-08 11:00:00,-0.00019151016
2025-06-08 12:00:00,-0.00034281306
2025-06-08 13:00:00,-0.00045236613
2025-06-08 14:00:00,-0.0005336829
2025-06-08 15:00:00,-0.00056037295
2025-06-08 16:00:00,-0.0004883854
2025-06-08 17:00:00,-0.0003718523
2025-06-08 18:00:00,-0.00028211233
2025-06-08 19:00:00,-0.00020029188
2025-06-08 20:00:00,-0.00012313832
2025-06-08 21:00:00,-8.7214125e-05
2025-06-08 22:00:00,-9.000764e-05
2025-06-08 23:00:00,-0.0001238376
2025-06-09 00:00:00,-0.00029189052
2025-06-09 01:00:00,-0.00045421827
2025-06-09 02:00:00,-0.00062335376
2025-06-09 03:00:00,-0.0007453079
2025-06-09 04:00:00,-0.0007567276
2025-06-09 05:00:00,-0.00064461
2025-06-09 06:00:00,-0.0004688479
2025-06-09 07:00:00,-0.00037018873
2025-06-09 08:00:00,-0.0002816215
2025-06-09 09:00:00,-0.00020199832
2025-06-09 10:00:00,-0.0001434495
2025-06-09 11:00:00,-0.00013723098
2025-06-09 12:00:00,-0.0002584922
2025-06-09 13:00:00,-0.00039372512
2025-06-09 14:00:00,-0.0005133492
2025-06-09 15:00:00,-0.0006012128
2025-06-09 16:00:00,-0.00058021536
2025-06-09 17:00:00,-0.00046439396
2025-06-09 18:00:00,-0.0003496285
2025-06-09 19:00:00,-0.00025979185
2025-06-09 20:00:00,-0.0001765944
2025-06-09 21:00:00,-0.00010031616
2025-06-09 22:00:00,-8.833638e-05
2025-06-09 23:00:00,-9.0685186e-05
2025-06-10 00:00:00,-0.00018452597
2025-06-10 01:00:00,-0.0003533468
2025-06-10 02:00:00,-0.0005289319
2025-06-10 03:00:00,-0.0007353921
2025-06-10 04:00:00,-0.0008512579
2025-06-10 05:00:00,-0.0008019543
2025-06-10 06:00:00,-0.0006069651
2025-06-10 07:00:00,-0.00044712934
2025-06-10 08:00:00,-0.00035015834
2025-06-10 09:00:00,-0.00025819035
2025-06-10 10:00:00,-0.00017590185
2025-06-10 11:00:00,-0.00012066841
2025-06-10 12:00:00,-0.00013669503
2025-06-10 13:00:00,-0.00029914876
2025-06-10 14:00:00,-0.00044501192
2025-06-10 15:00:00,-0.0005573947
2025-06-10 16:00:00,-0.00061245105
2025-06-10 17:00:00,-0.00053866295
2025-06-10 18:00:00,-0.00040738191
2025-06-10 19:00:00,-0.00030735828
2025-06-10 20:00:00,-0.00022102182
2025-06-10 21:00:00,-0.00014005323
2025-06-10 22:00:00,-9.043799e-05
2025-06-10 23:00:00,-9.57736e-05
2025-06-11 00:00:00,-9.968504e-05
2025-06-11 01:00:00,-0.00025874225
2025-06-11 02:00:00,-0.00044030912
2025-06-11 03:00:00,-0.0006636414
2025-06-11 04:00:00,-0.00087696436
2025-06-11 05:00:00,-0.00092464924
2025-06-11 06:00:00,-0.00078555045
2025-06-11 07:00:00,-0.000546355
2025-06-11 08:00:00,-0.00042026918
2025-06-11 09:00:00,-0.00032935405
2025-06-11 10:00:00,-0.00024240465
2025-06-11 11:00:00,-0.00016487013
2025-06-11 12:00:00,-0.00011964881
2025-06-11 13:00:00,-0.00019425931
2025-06-11 14:00:00,-0.00037918138
2025-06-11 15:00:00,-0.00050594204
2025-06-11 16:00:00,-0.0006206747
2025-06-11 17:00:00,-0.0006310971
2025-06-11 18:00:00,-0.00050507265
2025-06-11 19:00:00,-0.00036472813
2025-06-11 20:00:00,-0.00026843103
2025-06-11 21:00:00,-0.00017952088
2025-06-11 22:00:00,-0.000102305225
2025-06-11 23:00:00,-5.84807e-05
2025-06-12 00:00:00,-6.133829e-05
2025-06-12 01:00:00,-0.00013640561
2025-06-12 02:00:00,-0.00032271884
2025-06-12 03:00:00,-0.0005287002
2025-06-12 04:00:00,-0.0008052257
2025-06-12 05:00:00,-0.00097040966
2025-06-12 06:00:00,-0.00092853524
2025-06-12 07:00:00,-0.0007098107
2025-06-12 08:00:00,-0.00049168634
2025-06-12 09:00:00,-0.00038590137
2025-06-12 10:00:00,-0.0002894647
2025-06-12 11:00:00,-0.00019815372
2025-06-12 12:00:00,-0.00012357127
2025-06-12 13:00:00,-0.000103133214
2025-06-12 14:00:00,-0.00024979367
2025-06-12 15:00:00,-0.00040200472
2025-06-12 16:00:00,-0.0005487497
2025-06-12 17:00:00,-0.00065484043
2025-06-12 18:00:00,-0.0006358765
2025-06-12 19:00:00,-0.0004782876
2025-06-12 20:00:00,-0.00035436533
2025-06-12 21:00:00,-0.0002711953
2025-06-12 22:00:00,-0.0001882105
2025-06-12 23:00:00,-0.00011384968
2025-06-13 00:00:00,-8.46855e-05
2025-06-13 01:00:00,-8.22687e-05
2025-06-13 02:00:00,-0.00024213716
2025-06-13 03:00:00,-0.00042627798
2025-06-13 04:00:00,-0.0006583479
2025-06-13 05:00:00,-0.0009023011
2025-06-13 06:00:00,-0.000983609
2025-06-13 07:00:00,-0.0008850831
2025-06-13 08:00:00,-0.0006454472
2025-06-13 09:00:00,-0.00045468265
2025-06-13 10:00:00,-0.00036171306
2025-06-13 11:00:00,-0.00028111468
2025-06-13 12:00:00,-0.00020874417
2025-06-13 13:00:00,-0.0001549697
2025-06-13 14:00:00,-0.00018135479
2025-06-13 15:00:00,-0.00036591882
2025-06-13 16:00:00,-0.00050643727
2025-06-13 17:00:00,-0.0006404683
2025-06-13 18:00:00,-0.0007198514
